[
  {
    "name": "China",
    "population": 1359821000,
    "flagURL": "images/china_flag.png",
    "capital": "Beijing",
    "gdp": 18088
  },
  {
    "name": "United States of America",
    "population": 312247000,
    "flagURL": "images/usa_flag.png",
    "capital": "Washington D.C",
    "gdp": 17348
  },
  {
    "name": "India",
    "population": 1205625000,
    "flagURL": "images/india_flag.png",
    "capital": "New Delhi",
    "gdp": 7411
  },
  {
    "name": "United Kingdom",
    "population": 62066000,
    "flagURL": "images/uk_flag.png",
    "capital": "London",
    "gdp": 2569
  },
  {
    "name": "Japan",
    "population": 126415410,
    "flagURL": "images/jp_flag.png",
    "capital": "Tokyo",
    "gdp": 4767
  }
]